{
  "ImageSize": [
    1024,
    1024,
    1024,
    1024,
    1024,
    1024,
    1024,
    1024,
    1024,
    1024,
    1024,
    1024,
    1024,
    1024,
    1024,
    1024,
    512,
    512,
    512,
    512,
    512,
    512,
    512,
    512,
    512,
    512,
    512,
    512,
    512,
    512,
    512,
    512
  ],
  "PretrainedModel": [
    "yolov8n.pt",
    "yolov8n.pt",
    "yolov8n.pt",
    "yolov8n.pt",
    "yolov8s.pt",
    "yolov8s.pt",
    "yolov8s.pt",
    "yolov8s.pt",
    "yolo11n.pt",
    "yolo11n.pt",
    "yolo11n.pt",
    "yolo11n.pt",
    "yolo11s.pt",
    "yolo11s.pt",
    "yolo11s.pt",
    "yolo11s.pt",
    "yolov8n.pt",
    "yolov8n.pt",
    "yolov8n.pt",
    "yolov8n.pt",
    "yolov8s.pt",
    "yolov8s.pt",
    "yolov8s.pt",
    "yolov8s.pt",
    "yolo11n.pt",
    "yolo11n.pt",
    "yolo11n.pt",
    "yolo11n.pt",
    "yolo11s.pt",
    "yolo11s.pt",
    "yolo11s.pt",
    "yolo11s.pt"
  ],
  "Dataset": [
    "/.yolo.0/data.yaml",
    "/.yolo.1/data.yaml",
    "/.yolo.2/data.yaml",
    "/.yolo.3/data.yaml",
    "/.yolo.0/data.yaml",
    "/.yolo.1/data.yaml",
    "/.yolo.2/data.yaml",
    "/.yolo.3/data.yaml",
    "/.yolo.0/data.yaml",
    "/.yolo.1/data.yaml",
    "/.yolo.2/data.yaml",
    "/.yolo.3/data.yaml",
    "/.yolo.0/data.yaml",
    "/.yolo.1/data.yaml",
    "/.yolo.2/data.yaml",
    "/.yolo.3/data.yaml",
    "/.yolo.0/data.yaml",
    "/.yolo.1/data.yaml",
    "/.yolo.2/data.yaml",
    "/.yolo.3/data.yaml",
    "/.yolo.0/data.yaml",
    "/.yolo.1/data.yaml",
    "/.yolo.2/data.yaml",
    "/.yolo.3/data.yaml",
    "/.yolo.0/data.yaml",
    "/.yolo.1/data.yaml",
    "/.yolo.2/data.yaml",
    "/.yolo.3/data.yaml",
    "/.yolo.0/data.yaml",
    "/.yolo.1/data.yaml",
    "/.yolo.2/data.yaml",
    "/.yolo.3/data.yaml"
  ],
  "Precision": [
    0.2777777777777778,
    0.12626262626262627,
    0.05233494363929146,
    93.10511038318963,
    50.24013922033495,
    47.823714559585994,
    20.542087598523153,
    100.0,
    63.264837931308406,
    0.015151515151515152,
    0.030595813204508857,
    0.18181818181818182,
    60.61516366576753,
    44.626018665295696,
    8.903204846446833,
    85.04921718792498,
    21.839274669804844,
    47.10289679916562,
    36.33707684341779,
    0.7509386733416771,
    17.66152563489571,
    46.145441136232456,
    17.205637625236285,
    100.0,
    0.03535353535353535,
    14.285714285714285,
    0.009020903894570236,
    0.06097560975609756,
    30.30964430429516,
    11.502516605670642,
    3.9684057662787224,
    76.75262031029504
  ],
  "Recall": [
    83.33333333333334,
    37.878787878787875,
    49.61832061068702,
    90.9090909090909,
    53.03030303030303,
    25.757575757575758,
    19.735716005857988,
    99.08041687120988,
    44.365935479045255,
    4.545454545454546,
    29.00763358778626,
    54.54545454545454,
    60.62951849069,
    41.522104541955585,
    9.16030534351145,
    72.72727272727273,
    3.0303030303030303,
    1.4273605090656247,
    33.98651155924127,
    54.54545454545454,
    13.636363636363635,
    10.606060606060606,
    7.633587786259542,
    45.39448051720771,
    10.606060606060606,
    1.5151515151515151,
    8.396946564885496,
    18.181818181818183,
    21.21212121212121,
    15.151515151515152,
    2.2900763358778624,
    9.090909090909092
  ],
  "F1Score": [
    0.5537098560354374,
    0.2516862981979261,
    0.10455960299523043,
    91.99399703376483,
    51.59752876186633,
    33.48196111994275,
    20.130829922802057,
    99.53808458750363,
    52.15615625191967,
    0.030202355783751068,
    0.06112715252028855,
    0.36242826940501355,
    60.62234022845543,
    43.01814464033967,
    9.029925421098044,
    78.4070886225422,
    5.322134618413142,
    2.770758635245036,
    35.122510390017595,
    1.4814814814814814,
    15.390110422018576,
    17.24787293230518,
    10.575268999332447,
    62.4431964070812,
    0.07047216349541925,
    2.739726027397259,
    0.01802244613746209,
    0.12154360376785164,
    24.95767924234393,
    13.077237711655998,
    2.9042032838552223,
    16.256346834690312
  ],
  "Speed": [
    2.4704460749600194,
    1.7435255612133806,
    9.07133638933031,
    12.156404459595004,
    1.3064118772462914,
    1.7717632881337495,
    6.093431851300208,
    5.654001809571954,
    2.4537497295320714,
    1.7511234848026298,
    5.842302465847364,
    6.1420003714209255,
    2.4779966051662057,
    7.02476959012336,
    10.891127203825123,
    9.621463091620669,
    2.8413792094921297,
    1.5895143468779596,
    2.685178927222384,
    8.80407244602049,
    1.2926967729899017,
    0.8424502571649624,
    2.470973082469407,
    5.678805924782699,
    1.2882528350349853,
    0.36829300083671557,
    2.5849975887371075,
    4.388942721892487,
    0.9291548472405835,
    1.5944237556223841,
    3.591604217839684,
    4.263483263044195
  ],
  "AP@0.50": [
    32.66782202379635,
    0.10107583216829095,
    0.04077613620803713,
    93.59375,
    42.19022100250493,
    30.151489304276573,
    10.028220317369131,
    99.5,
    45.730841849488755,
    0.007982142857142858,
    0.024684626762958878,
    0.15752215909090905,
    56.87388785697893,
    32.812625363207765,
    2.366151471284392,
    82.47302862882972,
    4.07818498419422,
    10.675580577994939,
    20.30635377819942,
    37.418274337808185,
    6.458372848837608,
    8.473480517026278,
    3.5548055219951866,
    46.11875,
    0.024049569715365985,
    7.536615384615383,
    0.005104893756504717,
    0.07249193548387096,
    17.41097823727112,
    4.90324237948235,
    0.24801517188501382,
    11.171528353036884
  ],
  "AP@0.55": [
    29.809556290277346,
    0.08751367817687573,
    0.03349956254469313,
    93.59375,
    42.19022100250493,
    26.948824163439873,
    10.028220317369131,
    99.5,
    42.50230989782248,
    0.005239733311062859,
    0.023194368760804,
    0.15752215909090905,
    56.8688207977578,
    32.812625363207765,
    2.3657475123926672,
    82.47302862882972,
    2.7091274514341244,
    3.662141116851082,
    16.551192783815438,
    37.418274337808185,
    6.438142975906022,
    6.690846851231748,
    3.5068360323059307,
    46.11875,
    0.01988291416074358,
    7.536615384615383,
    0.004575995517020639,
    0.03037070981589851,
    17.261899819259384,
    4.861269341540141,
    0.2457130564434507,
    11.171528353036884
  ],
  "AP@0.60": [
    24.282445122416654,
    0.050844826148580206,
    0.02719282110045007,
    93.59375,
    38.806328586013805,
    24.447776235647577,
    10.027551842279722,
    99.5,
    38.84822004374561,
    0.005239733311062859,
    0.020014868090930785,
    0.12203835227272725,
    56.8688207977578,
    32.3972453528958,
    2.3099949553141714,
    82.47302862882972,
    2.4028762906219288,
    1.793498475817562,
    12.250076190183341,
    23.776978180829893,
    3.595317039329651,
    6.679401069013443,
    3.506054026426332,
    46.11875,
    0.005615445598687809,
    7.536615384615383,
    0.004575995517020639,
    0.0,
    16.27417938705549,
    4.571307629912859,
    0.24254939959399777,
    10.236146371275783
  ],
  "AP@0.65": [
    19.584586365421362,
    0.02115813198701767,
    0.020546026204385833,
    91.67857142857143,
    38.69900171735966,
    21.531364397237347,
    9.768254714626302,
    99.5,
    34.424249237042325,
    0.0,
    0.013964180418087557,
    0.09024659090909092,
    45.394343813853524,
    29.339690965073395,
    1.9800707188962012,
    82.37863636363637,
    1.5089903872962376,
    0.42059852329655234,
    8.835420778946505,
    16.124530584552485,
    1.3374940165192013,
    6.286959161240913,
    3.462682985557418,
    46.11875,
    0.005615445598687809,
    7.536615384615383,
    0.0030933551625636894,
    0.0,
    13.770562396534592,
    3.450831685604451,
    0.2293416345749494,
    10.236146371275783
  ],